{
    "accuracy": 0.8466468535328375,
    "loss": 117.05950762357901
}