{
    "accuracy": 0.8460374868708496,
    "loss": 119.36245179996749
}