{
    "accuracy": 0.8466468535328375,
    "loss": 117.38131001545068
}