{
    "accuracy": 0.8460374868708496,
    "loss": 119.56132319075472
}