{
    "accuracy": 0.8466468535328375,
    "loss": 116.9413216066808
}