{
    "accuracy": 0.009406851582663325,
    "loss": 119.50750347670474
}