{
    "accuracy": 0.8460374868708496,
    "loss": 119.50750347670474
}