{
    "accuracy": 0.8460374868708496,
    "loss": 120.25974951595907
}